Step,Training Loss,Validation Loss,Accuracy
1,0.2564,0.205786,0.924312
2,0.2241,0.205589,0.924312
3,0.2175,0.2056,0.926606
4,0.2095,0.205271,0.926606
5,0.2156,0.204998,0.925459
6,0.2576,0.204748,0.925459
7,0.2599,0.204273,0.925459
8,0.1918,0.203795,0.926606
9,0.1991,0.203677,0.926606
10,0.1528,0.203121,0.926606
